{
    "n": 20.000000000000004,
    "u": [
        -0.22799999999999995,
        -0.20399999999999996,
        -0.17999999999999997,
        -0.15599999999999997,
        -0.13199999999999998,
        -0.10799999999999997,
        -0.08399999999999998,
        -0.05999999999999998,
        -0.03599999999999998,
        -0.011999999999999966,
        0.012000000000000007,
        0.03599999999999998,
        0.059999999999999984,
        0.08400000000000002,
        0.10799999999999997,
        0.13199999999999998,
        0.15599999999999997,
        0.18000000000000002,
        0.20400000000000001,
        0.22799999999999995
    ],
    "T": 2.304623999999999,
    "u_star": [
        [
            -0.18784267151847908,
            0.04015732848152085,
            0.04015732848152085,
            0.04015732848152085,
            0.04015732848152085,
            0.04015732848152085,
            0.04015732848152085,
            0.04015732848152085,
            0.04015732848152085,
            0.04015732848152085,
            0.04015732848152085,
            0.04015732848152085,
            0.04015732848152085,
            0.04015732848152085,
            0.04015732848152085,
            0.04015732848152085,
            0.04015732848152085,
            0.04015732848152085,
            0.04015732848152085,
            0.04015732848152085
        ],
        [
            0.0,
            0.0,
            0.0,
            0.0,
            0.0,
            0.0,
            0.0,
            0.0,
            0.0,
            0.0,
            0.0,
            0.0,
            0.0,
            0.0,
            0.0,
            0.0,
            0.0,
            0.0,
            0.0,
            0.0
        ],
        [
            0.0,
            0.0,
            0.0,
            0.0,
            0.0,
            0.0,
            0.0,
            0.0,
            0.0,
            0.0,
            0.0,
            0.0,
            0.0,
            0.0,
            0.0,
            0.0,
            0.0,
            0.0,
            0.0,
            0.0
        ]
    ],
    "T_star": 7.208569590839542,
    "params": {
        "N": 20,
        "xi_cut": 4.8,
        "tau": 0.02,
        "T_tilde": 0.95,
        "time_steps": 20,
        "N_0": 4224,
        "N_v": 4216
    }
}